step,loss
1,2.6875
2,2.296875
3,1.890625
4,1.3828125
5,1.046875
6,0.79296875
7,0.65234375
8,0.5625
9,0.5078125
10,0.4453125
11,0.396484375
12,0.35546875
13,0.310546875
14,0.267578125
15,0.259765625
16,0.2041015625
17,0.177734375
18,0.1474609375
19,0.1123046875
20,0.08056640625
21,0.05615234375
22,0.0250244140625
23,0.006683349609375
